重庆凤凰服装公司,['胡榆'],[]
重庆服装厂,['叶安平'],[]
重庆服装行业协会,[],63709820
重庆凤凰服装公司凤凰服装商场,['胡榆'],[]
重庆姆塔米服装有限公司,['包小芳'],[]
重庆转集哈服装有限公司,['张英洪'],[]
重庆凯博瑞服装有限公司,['周瑜'],[]
重庆诺繁服装有限公司,['吴健强'],[]
重庆康岑服装有限公司,['任波'],[]
重庆兰杰旭服装有限公司,['兰旭'],[]
重庆服装工业实业总公司,['郑洪斌'],023-63023657
重庆市纺织服装联合会,[],[]
重庆金锋服装厂,['冯锦钊'],13527325661
重庆尚羽竺服装销售有限公司,['郑博'],[]
重庆朝天门市场服装企业协会,[],18702385490
重庆宝尊服装有限公司,['岳东海'],18623545502
重庆天龙服装有限公司,['万献波'],023-63036788
重庆旗蔓服装有限公司,['陈静'],86832533
重庆渝洋川欧服装有限公司,['黄杨'],[]
重庆鑫正绘服装零售有限公司,['黄正鑫'],15683896061
重庆仕图服装有限公司,['梁军'],023-63903390
重庆万里服装厂,['王建明'],[]
重庆泰兴服装有限公司,['张强'],18628335759
重庆嘉博服装有限公司,['陈洁'],[]
重庆九龙服装有限责任公司,['杨定文'],15320468957
重庆淇木儿童服装有限公司,['徐跃'],[]
重庆市松春岸服装销售有限公司,['李春花'],[]
重庆市红菊服装有限责任公司,['古诚芳'],13372723392
重庆圣利亚兰服装有限公司,['周文英'],18680855132
重庆邦宝服装销售有限公司,['高德康'],023-63717486
重庆滨狼服装有限公司,['童安平'],[]
重庆壹捌玖服装有限公司,['涂天华'],[]
重庆巴迪贝贝服装有限公司,['马红梅'],18983815206
重庆樱耀精品渝派服装有限责任公司,['曹均栋'],18623333308
重庆杰瑞服装有限公司,['张燕'],13452830153
重庆奔奥服装有限公司,['龚晓娟'],15123925192
重庆信尚服装有限公司,['徐慢'],023-63903390
重庆仕图新羽服装有限公司,['夏可'],023-63903390
裁门服装设计（重庆）有限公司,['夏志平'],[]
重庆恒瑞祥服装批发有限公司,['邹燕'],[]
重庆衣美意服装设计有限公司,['郭能'],[]
重庆兰婧谊服装有限公司,['付信兰'],13368329713
重庆幕雅服装有限公司,['廖桂林'],68468750
重庆品木服装有限公司,['陈晓红'],18725938886
重庆渝奔服装有限公司,['刘永清'],15902305411
重庆职衣尚服装有限公司,['肖杨'],17723610462
重庆爆品说服装设计有限公司,['张洪武'],[]
重庆佳恩丽服装有限公司,['周玉连'],86875888
重庆鲁贵服装有限责任公司,['杨桂朋'],15320268898
重庆定义服装有限公司,['汪梦'],15826143084
重庆玛衣媞维丝服装有限公司,['早热木·牙合甫'],[]
重庆泷织谷服装有限公司,['高家发'],[]
重庆笃逸服装设计有限公司,['曾绍玮'],68883252
重庆潮印服装批发有限公司,['程佳'],68520522
重庆恒辉服装市场管理有限公司,['叶志强'],023-63809678
重庆晋翔服装有限公司,['张家华'],[]
重庆艾礼服装有限公司,['刘梅'],13172913375
重庆致嘉服装有限公司,['罗婵娟'],[]
重庆迪韵服装有限公司,['徐开林'],13883567004
重庆布梵服装设计有限公司,['滕红军'],15086756430
重庆市渝中区学生服装厂,['赵小江'],63913903
重庆仕图诗意服装有限公司,['徐慢'],63903390
重庆凤凰服装公司经营部,['胡榆'],[]
重庆一面之缘服装有限公司,['黄丹丹'],18680081623
重庆依裳缘服装有限公司,['祝娟'],13983136408
重庆力强服装干洗服务有限公司,['熊习君'],[]
重庆绫逻服装有限公司,['林娓伊'],[]
重庆昕皓服装有限公司,['杨浪'],[]
重庆仁贵美华服服装有限公司,['王孝梅'],13983014041
重庆市新铭豪服装有限公司,['李静'],13983136408
重庆旭雁服装有限公司,['李绪艳'],13896863588
重庆莎奴服装有限公司,['谢晓斌'],18996354968
重庆琦纂服装有限公司,['袁德胜'],15922669196
重庆民彬服装有限公司,['倪民灯'],13452102469
重庆曌目服装有限公司,['葛远帆'],15923227808
利邦（上海）服装贸易有限公司重庆第一分公司,['虞焰'],023-63830886
重庆铭利芳服装有限公司,['綦朝芳'],17338318174
重庆壹点服装有限责任公司,['刘心臣'],18375952358
重庆布布赢服装有限公司,['申凤'],[]
重庆巍立景服装有限公司,['包鲍'],13908308833
利邦（上海）服装贸易有限公司重庆第四分公司,['虞焰'],023-63830886
重庆萌瑞服装有限责任公司,['秦涛'],13896075107
重庆多吉服装有限责任公司,['李梦怡'],13808354141
重庆威尔普斯服装有限公司,['詹永红'],15923327768
重庆耀世服装设计有限公司,['许国志'],18623014040
重庆百创服装有限责任公司,['邓小炼'],15326955202
重庆宅宅服装设计有限公司,['吕婕'],18696555665
重庆迪驰保罗服装有限公司,['王小平'],15123925192
重庆俏爱文服装设计有限公司,['孙文毅'],63871183
重庆艾美佳服装设计有限公司,['段勇'],13667665666
重庆依之秀服装设计有限公司,['何再'],13808341703
重庆凤凰服装公司销售分公司,['郑修一'],[]
重庆圣玛斐丝服装有限责任公司,['马骏'],13038336646
重庆光耀戏剧服装有限责任公司,['鲜新蜀'],13983880918
利越（上海）服装商贸有限公司重庆第六分公司,['赵翊佩'],021-61865759
重庆遂蓬服装设计有限公司,['李志勇'],023-86967270
重庆子壹服装设计有限公司,['曹小童'],13637980608
重庆快乐老男孩服装有限公司,['王小平'],15123925192
重庆安奇润服装有限责任公司,['张茂荣'],13389675951
绰琪服装（深圳）有限公司重庆分公司,['RYD，ERIK OTTO'],023-63263863
